IP地址,端口,TLS,数据中心,地区,城市,网络延迟,下载速度
104.17.210.238,80,false,HKG,Asia Pacific,Hong Kong,49 ms,0 kB/s
104.16.7.73,80,false,HKG,Asia Pacific,Hong Kong,52 ms,0 kB/s
104.19.36.175,80,false,HKG,Asia Pacific,Hong Kong,51 ms,0 kB/s
172.67.155.43,80,false,SEA,North America,Seattle,162 ms,0 kB/s
172.67.179.220,80,false,SEA,North America,Seattle,164 ms,0 kB/s
104.24.143.13,80,false,SJC,North America,San Jose,188 ms,0 kB/s
104.27.58.26,80,false,SJC,North America,San Jose,192 ms,0 kB/s
104.19.162.109,80,false,SEA,North America,Seattle,193 ms,0 kB/s
104.20.70.154,80,false,LAX,North America,Los Angeles,192 ms,0 kB/s
104.16.80.165,80,false,SJC,North America,San Jose,192 ms,0 kB/s
104.27.105.233,80,false,SJC,North America,San Jose,193 ms,0 kB/s
104.20.225.89,80,false,LAX,North America,Los Angeles,197 ms,0 kB/s
104.20.175.11,80,false,LAX,North America,Los Angeles,198 ms,0 kB/s
104.20.52.217,80,false,FRA,Europe,Frankfurt,198 ms,0 kB/s
104.25.156.42,80,false,LAX,North America,Los Angeles,198 ms,0 kB/s
